{
	"puuid": {},
	"encid": {},
	"largestKillingSpree": {},
	"goldEarned": {},
	"timePlayed": {},
	"assists": {},
	"deaths": {},
	"kills": {},
	"detectorWardsPlaced": {},
	"killingSprees": {},
	"wardsKilled": {},
	"wardsPlaced": {},
	"win": {},
	"visionScore": {},
	"totalDamageDealtToChampions": {},
	"totalDamageTaken": {},
	"totalMinionsKilled": {},
	"neutralMinionsKilled": {},
	"lane": {},
	"individualPosition": {},
	"teamPosition": {},
	"championName": {},
	"championId": {}
}